cluster_k,CustomerID,InvoiceNumberYear,LastInvoiceMonth,LastInvoiceMonthNb,MeanLinesPerInvoice,MeanQuantityPerInvoice,MeanAmountPerInvoice,TotalAmountSpent
0,12350,1,201102,10,16.0,196.0,294.40000000000003,294.40000000000003
5,12353,1,201105,7,4.0,20.0,89.0,89.0
1,12354,1,201104,8,58.0,530.0,1079.4,1079.4
5,12355,1,201105,7,13.0,240.0,459.4,459.4
0,12361,1,201102,10,9.0,90.0,174.89999999999998,174.89999999999998
0,12365,1,201102,10,21.0,173.0,320.69,320.69
0,12373,1,201102,10,13.0,196.0,324.6,324.6
0,12377,2,201101,11,38.0,471.0,774.0599999999998,1548.1199999999997
1,12383,5,201106,6,18.8,303.6,325.712,1628.56
0,12386,2,201101,11,5.0,177.0,200.95000000000002,401.90000000000003
0,12401,1,201102,10,4.0,10.0,69.3,69.3
0,12402,1,201101,11,10.0,92.0,195.6,195.6
3,12405,1,201107,5,53.0,849.0,1390.3900000000006,1390.3900000000006
0,12410,2,201102,10,12.5,103.5,266.66499999999996,533.3299999999999
5,12414,3,201105,7,5.0,99.0,147.47,442.41
5,12424,2,201106,6,15.0,370.0,880.4800000000001,1760.9600000000003
3,12426,1,201105,7,29.0,254.0,510.7299999999999,510.7299999999999
0,12441,1,201100,12,10.0,120.0,155.55,155.55
3,12447,1,201104,8,25.0,187.0,431.49,431.49
5,12450,2,201107,5,4.0,64.0,98.94,197.88
3,12453,1,201107,5,43.0,473.0,707.0899999999999,707.0899999999999
3,12461,1,201107,5,34.0,282.0,626.8800000000001,626.8800000000001
5,12468,2,201106,6,18.0,181.0,328.77,657.54
0,12489,1,201101,11,14.0,103.0,298.93,298.93
5,12493,2,201106,6,9.5,101.5,181.395,362.79
1,12501,1,201101,11,147.0,1751.0,1995.3899999999992,1995.3899999999992
5,12506,1,201104,8,23.0,23.0,73.50000000000003,73.50000000000003
5,12507,2,201107,5,9.5,442.5,503.03,1006.06
0,12509,1,201102,10,6.0,54.0,158.5,158.5
5,12510,2,201107,5,15.5,173.5,407.285,814.57
1,12514,1,201103,9,51.0,440.0,1017.6800000000002,1017.6800000000002
0,12515,1,201100,12,15.0,128.0,278.7,278.7
3,12521,1,201107,5,37.0,306.0,545.6800000000001,545.6800000000001
5,12547,2,201105,7,3.0,66.0,75.9,151.8
5,12548,1,201106,6,4.0,48.0,67.19999999999999,67.19999999999999
0,12551,1,201100,12,10.0,100.0,168.0,168.0
0,12559,2,201102,10,9.5,139.5,250.105,500.21
0,12561,1,201102,10,16.0,177.0,238.85,238.85
0,12564,1,201103,9,20.0,130.0,402.9000000000001,402.9000000000001
0,12565,1,201102,10,9.0,80.0,145.92,145.92
3,12573,1,201104,8,28.0,84.0,160.54,160.54
0,12574,1,201101,11,10.0,59.0,182.45000000000002,182.45000000000002
5,12580,1,201104,8,23.0,236.0,379.7,379.7
5,12582,2,201104,8,10.0,148.0,175.68,351.36
3,12585,2,201104,8,42.5,633.5,912.05,1824.1
1,12590,1,201105,7,67.0,4282.0,9341.260000000004,9341.260000000004
0,12591,1,201101,11,25.0,225.0,368.84999999999985,368.84999999999985
1,12601,5,201106,6,4.6,48.0,97.412,487.06000000000006
0,12614,1,201103,9,20.0,76.0,315.59999999999997,315.59999999999997
5,12622,1,201104,8,10.0,68.0,162.09999999999997,162.09999999999997
0,12623,1,201103,9,17.0,189.0,269.1,269.1
3,12625,2,201105,7,41.5,786.5,1187.11,2374.22
5,12639,1,201104,8,21.0,198.0,366.1,366.1
5,12648,1,201107,5,20.0,159.0,300.05,300.05
0,12651,1,201101,11,9.0,78.0,114.00000000000003,114.00000000000003
1,12652,1,201101,11,47.0,498.0,793.9799999999998,793.9799999999998
3,12653,2,201107,5,21.5,459.5,1104.925,2209.85
0,12665,1,201101,11,2.0,36.0,45.0,45.0
3,12669,2,201107,5,49.0,552.0,713.8650000000001,1427.7300000000002
0,12672,1,201101,11,10.0,78.0,225.9,225.9
0,12686,1,201100,12,6.0,106.0,71.14,71.14
5,12690,1,201105,7,15.0,103.0,335.00999999999993,335.00999999999993
0,12707,1,201102,10,33.0,256.0,603.42,603.42
3,12717,2,201107,5,26.5,251.0,415.49,830.98
0,12725,1,201100,12,23.0,162.0,371.79999999999995,371.79999999999995
5,12732,1,201106,6,11.0,110.0,218.2600000000001,218.2600000000001
5,12733,1,201104,8,22.0,137.0,383.95,383.95
0,12734,1,201100,12,4.0,88.0,110.39999999999999,110.39999999999999
0,12735,2,201101,11,20.5,181.5,344.7849999999999,689.5699999999998
0,12736,1,201101,11,3.0,168.0,144.0,144.0
0,12738,1,201100,12,10.0,147.0,137.35,137.35
3,12743,2,201107,5,67.0,159.5,273.215,546.43
1,12754,3,201104,8,21.0,2160.3333333333335,1003.5799999999999,3010.74
0,12755,2,201103,9,2.0,745.5,1905.975,3811.95
5,12763,2,201107,5,9.0,158.0,247.04,494.08
1,12764,1,201101,11,45.0,386.0,1693.8800000000003,1693.8800000000003
3,12769,1,201104,8,32.0,356.0,1143.6000000000001,1143.6000000000001
5,12770,1,201105,7,12.0,743.0,1351.4499999999998,1351.4499999999998
0,12785,1,201100,12,13.0,129.0,255.95,255.95
5,12790,1,201105,7,20.0,164.0,294.9200000000001,294.9200000000001
0,12791,1,201100,12,1.0,96.0,177.60000000000002,177.60000000000002
0,12792,1,201103,9,24.0,215.0,344.54,344.54
0,12793,2,201101,11,11.0,146.0,230.74,461.48
0,12797,1,201100,12,8.0,78.0,166.18000000000004,166.18000000000004
5,12802,1,201106,6,23.0,300.0,382.58,382.58
5,12809,1,201106,6,24.0,217.0,405.31,405.31
0,12811,2,201103,9,14.0,113.5,229.425,458.85
5,12815,2,201107,5,22.5,187.0,431.7299999999999,863.4599999999998
0,12817,1,201103,9,3.0,52.0,126.03999999999999,126.03999999999999
0,12818,1,201103,9,13.0,920.0,1182.08,1182.08
5,12821,1,201105,7,6.0,70.0,92.72,92.72
0,12829,2,201101,11,5.5,188.0,146.5,293.0
0,12831,1,201103,9,9.0,135.0,215.05,215.05
5,12833,1,201107,5,24.0,156.0,417.37999999999994,417.37999999999994
0,12834,1,201103,9,18.0,110.0,312.38,312.38
5,12837,1,201106,6,12.0,24.0,134.1,134.1
1,12840,4,201107,5,28.25,377.75,681.6925,2726.77
1,12845,4,201103,9,6.75,51.0,88.5225,354.09
0,12852,1,201102,10,17.0,149.0,311.54999999999995,311.54999999999995
1,12853,6,201107,5,12.666666666666666,131.33333333333334,317.35,1904.1000000000001
0,12855,1,201100,12,3.0,30.0,38.1,38.1
3,12857,2,201105,7,23.0,171.5,553.2,1106.4
5,12864,1,201107,5,3.0,216.0,147.12,147.12
0,12866,1,201103,9,25.0,167.0,499.11999999999995,499.11999999999995
1,12868,6,201106,6,17.833333333333332,154.66666666666666,267.8433333333333,1607.06
0,12872,2,201101,11,33.0,159.5,299.985,599.97
0,12873,1,201103,9,4.0,128.0,374.0,374.0
5,12875,2,201107,5,1.0,1009.5,171.61500000000004,343.2300000000001
3,12878,2,201104,8,23.5,273.5,427.495,854.99
0,12881,1,201103,9,7.0,21.0,298.0,298.0
5,12888,2,201105,7,2.5,38.0,177.06,354.12
5,12891,3,201106,6,1.0,316.6666666666667,110.33333333333333,331.0
5,12897,2,201105,7,2.0,55.0,108.25,216.5
0,12902,1,201103,9,10.0,66.0,138.68,138.68
5,12908,1,201106,6,1.0,600.0,432.0,432.0
5,12915,2,201107,5,11.0,46.5,181.825,363.65
1,12916,4,201107,5,26.25,277.75,746.0875,2984.35
3,12922,1,201107,5,28.0,370.0,405.38,405.38
0,12929,1,201102,10,7.0,36.0,102.9,102.9
5,12942,3,201107,5,25.0,67.66666666666667,227.9666666666666,683.8999999999999
0,12945,1,201102,10,23.0,165.0,462.95000000000005,462.95000000000005
1,12947,6,201107,5,15.666666666666666,193.33333333333334,239.5233333333333,1437.1399999999999
0,12956,1,201102,10,19.0,34.0,108.07,108.07
0,12967,2,201100,12,9.0,203.0,804.0500000000001,1608.1000000000001
5,12974,1,201105,7,8.0,24.0,144.8,144.8
5,12976,1,201105,7,22.0,561.0,738.6,738.6
5,12977,1,201107,5,9.0,12.0,39.24,39.24
1,12980,9,201107,5,2.2222222222222223,98.44444444444444,819.4333333333334,7374.900000000001
3,12982,1,201104,8,28.0,288.0,390.53999999999996,390.53999999999996
1,12988,1,201102,10,92.0,136.0,535.32,535.32
5,12999,3,201105,7,9.333333333333334,114.0,151.95999999999998,455.87999999999994
0,13002,1,201101,11,7.0,73.0,120.94999999999999,120.94999999999999
5,13005,2,201106,6,12.0,84.0,236.95000000000002,473.90000000000003
0,13008,1,201101,11,14.0,175.0,229.47000000000003,229.47000000000003
0,13011,1,201100,12,3.0,13.0,50.550000000000004,50.550000000000004
0,13033,1,201100,12,11.0,83.0,190.54999999999998,190.54999999999998
5,13037,3,201107,5,16.0,143.66666666666666,293.69,881.0699999999999
0,13043,1,201103,9,13.0,254.0,516.4200000000001,516.4200000000001
0,13044,1,201102,10,33.0,429.0,560.4700000000001,560.4700000000001
5,13052,1,201105,7,18.0,222.0,348.15000000000003,348.15000000000003
5,13059,1,201104,8,8.0,35.0,183.4,183.4
0,13060,1,201103,9,15.0,123.0,307.53000000000003,307.53000000000003
5,13062,1,201106,6,11.0,343.0,346.98,346.98
0,13065,1,201100,12,14.0,74.0,205.85999999999999,205.85999999999999
5,13070,1,201105,7,9.0,110.0,228.8,228.8
0,13072,1,201103,9,7.0,69.0,177.14999999999998,177.14999999999998
5,13080,1,201106,6,6.0,120.0,58.08,58.08
5,13085,2,201107,5,8.5,69.0,160.04,320.08
1,13093,8,201103,9,19.875,495.125,979.05875,7832.47
5,13101,1,201104,8,8.0,113.0,101.18999999999998,101.18999999999998
5,13106,1,201107,5,1.0,18.0,76.5,76.5
0,13108,1,201100,12,10.0,298.0,350.05999999999995,350.05999999999995
3,13116,1,201107,5,30.0,291.0,501.14000000000004,501.14000000000004
5,13120,1,201104,8,1.0,12.0,30.599999999999998,30.599999999999998
3,13121,1,201103,9,47.0,227.0,254.7299999999999,254.7299999999999
0,13132,1,201103,9,3.0,20.0,77.3,77.3
0,13133,2,201103,9,3.5,16.0,54.9,109.8
5,13135,1,201105,7,1.0,4300.0,3096.0,3096.0
0,13144,1,201101,11,3.0,21.0,110.94999999999999,110.94999999999999
1,13151,1,201102,10,74.0,363.0,1257.8700000000003,1257.8700000000003
0,13161,1,201101,11,8.0,29.0,112.75,112.75
3,13166,1,201103,9,41.0,216.0,417.19999999999993,417.19999999999993
0,13185,1,201103,9,1.0,12.0,71.4,71.4
0,13187,1,201101,11,37.0,95.0,236.01999999999995,236.01999999999995
5,13194,1,201107,5,3.0,26.0,60.7,60.7
0,13216,1,201103,9,5.0,297.0,333.74,333.74
3,13221,2,201104,8,32.5,121.5,422.43000000000006,844.8600000000001
5,13223,2,201105,7,2.5,44.0,81.60000000000001,163.20000000000002
0,13226,1,201103,9,16.0,80.0,108.21000000000001,108.21000000000001
5,13227,1,201105,7,9.0,99.0,257.7,257.7
5,13229,1,201104,8,10.0,63.0,160.95,160.95
3,13235,1,201105,7,58.0,441.0,1031.0699999999997,1031.0699999999997
0,13239,1,201103,9,22.0,363.0,329.56,329.56
3,13243,1,201105,7,58.0,233.0,600.07,600.07
5,13253,2,201107,5,18.0,786.0,515.2,1030.4
0,13261,2,201103,9,4.5,105.0,472.05,944.1
0,13262,1,201103,9,11.0,125.0,200.29000000000002,200.29000000000002
0,13270,1,201100,12,1.0,200.0,590.0,590.0
0,13284,1,201101,11,12.0,79.0,196.15,196.15
3,13291,1,201107,5,42.0,233.0,361.10999999999996,361.10999999999996
3,13294,2,201106,6,27.0,226.5,436.87,873.74
0,13295,1,201100,12,10.0,82.0,201.2,201.2
5,13296,1,201107,5,5.0,78.0,87.4,87.4
0,13299,1,201103,9,5.0,30.0,142.5,142.5
5,13300,1,201106,6,20.0,203.0,371.89000000000004,371.89000000000004
5,13302,1,201107,5,1.0,5.0,63.75,63.75
0,13304,1,201100,12,21.0,238.0,300.4199999999999,300.4199999999999
0,13328,1,201101,11,17.0,680.0,1308.48,1308.48
5,13338,1,201107,5,17.0,254.0,422.02,422.02
3,13339,1,201105,7,54.0,326.0,860.1200000000002,860.1200000000002
3,13341,1,201103,9,42.0,301.0,775.8499999999999,775.8499999999999
5,13343,1,201106,6,15.0,125.0,253.93,253.93
0,13345,1,201102,10,19.0,140.0,339.5,339.5
1,13357,1,201103,9,90.0,322.0,609.9500000000002,609.9500000000002
0,13358,1,201103,9,28.0,284.0,389.03000000000003,389.03000000000003
0,13368,2,201103,9,14.0,163.0,286.7,573.4
0,13369,1,201100,12,11.0,142.0,231.38,231.38
0,13370,1,201100,12,38.0,341.0,737.8700000000002,737.8700000000002
0,13382,1,201103,9,15.0,131.0,222.99,222.99
0,13385,1,201101,11,35.0,281.0,534.5700000000002,534.5700000000002
5,13388,2,201107,5,17.0,140.5,313.575,627.15
5,13391,1,201105,7,1.0,4.0,59.8,59.8
5,13395,1,201106,6,21.0,336.0,307.72,307.72
3,13398,1,201105,7,26.0,281.0,457.3400000000001,457.3400000000001
5,13405,2,201105,7,12.5,81.5,278.725,557.45
5,13414,3,201107,5,8.0,524.6666666666666,463.5,1390.5
5,13420,2,201107,5,3.5,44.5,71.225,142.45
1,13439,1,201103,9,54.0,242.0,283.71,283.71
0,13452,2,201103,9,1.0,1.0,295.0,590.0
5,13453,2,201106,6,8.5,67.0,178.48999999999998,356.97999999999996
5,13462,1,201104,8,9.0,62.0,151.5,151.5
5,13466,1,201106,6,17.0,259.0,307.90000000000003,307.90000000000003
1,13474,1,201104,8,64.0,132.0,229.58999999999997,229.58999999999997
1,13475,4,201106,6,21.5,253.0,357.94499999999994,1431.7799999999997
3,13476,2,201106,6,28.0,207.5,550.36,1100.72
5,13479,2,201105,7,7.0,66.5,145.5,291.0
5,13482,1,201104,8,11.0,116.0,184.64,184.64
5,13484,1,201104,8,8.0,44.0,313.79999999999995,313.79999999999995
5,13485,1,201104,8,23.0,277.0,454.24,454.24
5,13492,3,201107,5,16.666666666666668,136.0,423.2799999999999,1269.8399999999997
0,13493,2,201103,9,3.0,188.5,249.315,498.63
0,13494,1,201102,10,18.0,162.0,316.26,316.26
0,13497,2,201103,9,9.0,79.5,160.525,321.05
1,13501,1,201102,10,52.0,560.0,1340.3199999999997,1340.3199999999997
0,13506,2,201101,11,13.0,162.0,229.26,458.52
5,13508,1,201104,8,12.0,24.0,110.97,110.97
0,13512,1,201103,9,15.0,143.0,251.20999999999998,251.20999999999998
5,13531,2,201105,7,11.0,87.0,241.90000000000003,483.80000000000007
5,13533,3,201106,6,25.333333333333332,68.0,90.26333333333334,270.79
0,13551,1,201101,11,4.0,12.0,91.80000000000001,91.80000000000001
5,13561,1,201105,7,14.0,83.0,141.86,141.86
1,13564,2,201100,12,41.0,330.0,599.1899999999998,1198.3799999999997
3,13568,1,201106,6,44.0,70.0,192.85000000000005,192.85000000000005
3,13570,1,201104,8,27.0,161.0,239.49000000000004,239.49000000000004
3,13572,1,201105,7,33.0,534.0,1384.25,1384.25
0,13581,1,201102,10,10.0,30.0,117.99999999999999,117.99999999999999
3,13583,1,201107,5,53.0,725.0,781.0300000000002,781.0300000000002
0,13584,1,201102,10,24.0,37.0,142.40000000000003,142.40000000000003
0,13600,1,201101,11,19.0,324.0,219.51999999999998,219.51999999999998
0,13615,1,201101,11,22.0,183.0,399.9900000000001,399.9900000000001
5,13618,1,201106,6,13.0,246.0,177.34000000000003,177.34000000000003
5,13626,1,201104,8,19.0,209.0,257.22999999999996,257.22999999999996
1,13642,1,201105,7,66.0,173.0,354.7999999999999,354.7999999999999
0,13649,2,201103,9,11.5,69.5,173.3,346.6
5,13656,2,201106,6,24.5,245.0,189.82500000000005,379.6500000000001
3,13659,2,201105,7,52.0,447.0,786.6,1573.2
5,13663,1,201106,6,13.0,91.0,189.47,189.47
1,13667,1,201107,5,87.0,154.0,305.0199999999998,305.0199999999998
0,13672,1,201102,10,3.0,38.0,124.26,124.26
5,13675,2,201107,5,12.5,165.0,243.41,486.82
5,13678,1,201107,5,16.0,924.0,232.60000000000005,232.60000000000005
5,13682,1,201106,6,3.0,10.0,59.5,59.5
0,13684,1,201102,10,29.0,38.0,64.23,64.23
5,13686,1,201106,6,8.0,70.0,72.0,72.0
5,13699,1,201107,5,14.0,66.0,308.58,308.58
0,13703,1,201101,11,1.0,10.0,99.5,99.5
0,13706,1,201102,10,20.0,189.0,330.78999999999996,330.78999999999996
0,13707,2,201103,9,24.0,175.5,403.2049999999999,806.4099999999999
1,13708,1,201103,9,50.0,305.0,294.87999999999994,294.87999999999994
5,13711,2,201105,7,6.5,70.0,126.03,252.06
5,13712,1,201104,8,10.0,352.0,228.83999999999997,228.83999999999997
1,13715,5,201103,9,20.6,111.4,212.288,1061.44
0,13716,1,201103,9,21.0,138.0,138.28,138.28
5,13718,2,201104,8,6.0,86.5,153.275,306.55
3,13722,3,201107,5,28.333333333333332,467.0,791.8033333333336,2375.4100000000008
5,13723,1,201105,7,6.0,43.0,199.85000000000002,199.85000000000002
5,13730,2,201107,5,21.5,244.0,376.30000000000007,752.6000000000001
5,13731,2,201105,7,19.0,139.0,305.29499999999996,610.5899999999999
3,13737,1,201105,7,30.0,125.0,339.59999999999997,339.59999999999997
5,13740,1,201104,8,23.0,425.0,350.75,350.75
5,13745,1,201106,6,24.0,486.0,291.53999999999996,291.53999999999996
0,13747,1,201100,12,1.0,8.0,79.6,79.6
0,13751,1,201102,10,9.0,152.0,296.24999999999994,296.24999999999994
0,13753,1,201102,10,35.0,512.0,741.26,741.26
5,13754,2,201107,5,6.0,107.0,141.3,282.6
5,13781,1,201104,8,17.0,30.0,127.84000000000002,127.84000000000002
0,13786,1,201100,12,7.0,136.0,230.4,230.4
0,13800,1,201102,10,33.0,331.0,558.3199999999997,558.3199999999997
1,13802,3,201107,5,19.333333333333332,790.6666666666666,1393.14,4179.42
0,13803,1,201103,9,17.0,121.0,277.07000000000005,277.07000000000005
0,13807,1,201100,12,7.0,36.0,112.6,112.6
0,13809,1,201102,10,12.0,29.0,155.05,155.05
5,13811,2,201106,6,5.0,31.5,259.875,519.75
0,13819,3,201102,10,12.0,369.6666666666667,380.1166666666666,1140.35
3,13821,2,201107,5,29.5,76.5,192.81999999999996,385.63999999999993
5,13826,1,201106,6,10.0,82.0,189.5,189.5
3,13833,1,201107,5,29.0,118.0,384.7999999999999,384.7999999999999
5,13837,2,201105,7,9.5,91.5,135.62,271.24
5,13841,1,201104,8,1.0,100.0,85.0,85.0
5,13856,3,201106,6,4.666666666666667,164.66666666666666,129.5,388.5
0,13859,1,201101,11,28.0,129.0,201.16,201.16
5,13863,1,201104,8,20.0,224.0,305.78000000000003,305.78000000000003
0,13874,1,201100,12,18.0,180.0,540.45,540.45
5,13885,2,201106,6,14.0,91.0,253.40000000000003,506.80000000000007
5,13887,1,201105,7,19.0,147.0,349.54999999999995,349.54999999999995
0,13893,1,201102,10,21.0,190.0,821.1,821.1
0,13898,1,201101,11,12.0,133.0,155.93,155.93
5,13900,3,201106,6,14.333333333333334,143.33333333333334,246.98333333333335,740.95
0,13922,1,201100,12,7.0,93.0,172.24999999999997,172.24999999999997
5,13929,2,201106,6,4.5,71.5,421.325,842.65
0,13932,1,201102,10,16.0,72.0,307.4,307.4
3,13934,1,201103,9,31.0,390.0,922.0999999999997,922.0999999999997
5,13936,1,201106,6,25.0,324.0,361.28,361.28
5,13937,1,201106,6,9.0,123.0,158.85,158.85
0,13948,1,201100,12,3.0,40.0,101.99999999999999,101.99999999999999
5,13951,3,201106,6,13.0,153.0,224.81666666666663,674.4499999999999
1,13952,2,201105,7,68.0,715.0,1625.5349999999999,3251.0699999999997
5,13955,2,201107,5,16.5,77.0,161.48000000000002,322.96000000000004
0,13963,4,201102,10,8.75,115.0,166.135,664.54
5,13967,1,201107,5,2.0,42.0,80.7,80.7
0,13973,1,201102,10,11.0,109.0,264.7,264.7
5,13976,1,201105,7,10.0,154.0,357.9800000000001,357.9800000000001
5,13990,1,201105,7,16.0,190.0,311.3,311.3
5,14000,1,201105,7,15.0,710.0,635.6600000000001,635.6600000000001
5,14002,2,201107,5,23.5,438.5,264.865,529.73
5,14009,2,201105,7,21.0,182.5,347.80499999999995,695.6099999999999
0,14012,1,201103,9,11.0,160.0,328.8,328.8
1,14016,4,201107,5,40.0,531.0,1072.8025,4291.21
5,14021,3,201107,5,7.333333333333333,64.0,210.63333333333333,631.9
3,14022,1,201104,8,28.0,487.0,440.0,440.0
0,14036,1,201102,10,38.0,268.0,626.6499999999999,626.6499999999999
5,14037,2,201106,6,14.0,23.0,73.60000000000002,147.20000000000005
0,14041,1,201103,9,21.0,94.0,141.41,141.41
0,14046,1,201102,10,13.0,443.0,151.58999999999997,151.58999999999997
1,14048,1,201102,10,84.0,280.0,386.32999999999987,386.32999999999987
0,14059,1,201103,9,8.0,128.0,183.59999999999997,183.59999999999997
0,14066,1,201103,9,7.0,45.0,152.55,152.55
0,14068,1,201101,11,24.0,73.0,265.85,265.85
1,14081,2,201102,10,75.5,297.0,457.3099999999999,914.6199999999998
0,14082,1,201100,12,29.0,110.0,182.24999999999997,182.24999999999997
0,14090,1,201101,11,1.0,72.0,76.32000000000001,76.32000000000001
5,14100,1,201107,5,26.0,64.0,194.9,194.9
5,14104,2,201107,5,10.5,36.0,108.105,216.21
1,14105,1,201104,8,74.0,800.0,1266.2300000000002,1266.2300000000002
0,14114,2,201103,9,7.5,50.5,193.26500000000001,386.53000000000003
5,14117,1,201107,5,3.0,72.0,90.0,90.0
1,14130,1,201101,11,67.0,258.0,483.85999999999996,483.85999999999996
0,14142,1,201100,12,22.0,313.0,311.81000000000006,311.81000000000006
5,14143,1,201107,5,7.0,30.0,115.8,115.8
5,14148,1,201104,8,3.0,16.0,157.2,157.2
5,14149,1,201105,7,17.0,132.0,267.08000000000004,267.08000000000004
3,14154,2,201104,8,26.0,232.5,672.81,1345.62
0,14155,1,201103,9,6.0,25.0,118.75,118.75
3,14161,3,201105,7,36.0,151.66666666666666,370.17333333333335,1110.52
5,14162,2,201106,6,12.5,71.0,144.68,289.36
0,14165,1,201103,9,25.0,54.0,122.53999999999999,122.53999999999999
0,14176,4,201102,10,7.75,52.25,144.225,576.9
0,14185,1,201101,11,3.0,6.0,197.65,197.65
5,14195,2,201105,7,3.5,380.0,505.99999999999994,1011.9999999999999
5,14199,1,201105,7,2.0,28.0,185.39999999999998,185.39999999999998
5,14206,1,201104,8,20.0,276.0,328.1599999999999,328.1599999999999
5,14220,2,201104,8,10.5,136.0,316.20000000000005,632.4000000000001
3,14222,1,201106,6,41.0,607.0,683.17,683.17
5,14231,3,201106,6,16.0,134.66666666666666,275.9866666666667,827.96
0,14237,1,201100,12,9.0,38.0,161.00000000000003,161.00000000000003
0,14238,1,201101,11,8.0,111.0,146.85,146.85
5,14241,1,201106,6,10.0,146.0,213.70000000000002,213.70000000000002
5,14242,2,201104,8,8.0,61.5,140.27499999999998,280.54999999999995
3,14245,2,201105,7,54.0,488.0,846.7249999999999,1693.4499999999998
0,14247,1,201103,9,20.0,47.0,136.77,136.77
0,14248,1,201101,11,8.0,102.0,302.58,302.58
0,14256,2,201103,9,26.0,205.0,467.53,935.06
5,14259,1,201107,5,5.0,68.0,120.0,120.0
5,14264,2,201107,5,8.5,35.0,166.985,333.97
5,14267,3,201106,6,16.0,158.66666666666666,437.4133333333334,1312.2400000000002
0,14270,1,201101,11,29.0,197.0,492.6499999999999,492.6499999999999
5,14271,1,201104,8,10.0,88.0,112.32000000000002,112.32000000000002
5,14280,1,201105,7,8.0,52.0,134.04,134.04
5,14288,1,201105,7,16.0,188.0,426.6,426.6
5,14304,1,201105,7,16.0,136.0,368.6,368.6
5,14311,1,201104,8,16.0,136.0,247.35999999999999,247.35999999999999
5,14320,2,201105,7,12.5,126.5,191.25500000000002,382.51000000000005
5,14326,1,201104,8,7.0,99.0,166.85,166.85
5,14327,1,201106,6,12.0,139.0,311.65000000000003,311.65000000000003
5,14338,2,201107,5,15.5,167.5,294.10999999999996,588.2199999999999
5,14339,1,201104,8,13.0,156.0,299.56,299.56
5,14340,1,201105,7,6.0,58.0,134.7,134.7
0,14348,1,201103,9,18.0,183.0,409.57,409.57
0,14350,1,201103,9,17.0,171.0,265.04999999999995,265.04999999999995
5,14351,1,201106,6,1.0,12.0,51.0,51.0
1,14352,4,201107,5,11.75,134.5,269.74,1078.96
5,14353,1,201105,7,6.0,64.0,90.6,90.6
0,14355,1,201100,12,11.0,92.0,174.4,174.4
0,14368,1,201101,11,8.0,36.0,155.00000000000003,155.00000000000003
0,14371,1,201102,10,4.0,34.0,100.5,100.5
0,14373,1,201100,12,4.0,17.0,76.55,76.55
1,14375,1,201106,6,75.0,194.0,257.67999999999995,257.67999999999995
5,14377,2,201106,6,5.5,109.5,308.525,617.05
0,14386,1,201102,10,7.0,54.0,142.4,142.4
5,14393,1,201105,7,5.0,13.0,67.94999999999999,67.94999999999999
5,14400,1,201107,5,24.0,450.0,559.7,559.7
0,14411,1,201102,10,14.0,196.0,1063.0,1063.0
0,14413,1,201100,12,23.0,68.0,122.7,122.7
5,14423,1,201105,7,3.0,120.0,265.2,265.2
0,14431,1,201102,10,17.0,130.0,470.35999999999996,470.35999999999996
0,14437,1,201100,12,5.0,60.0,63.0,63.0
0,14438,1,201102,10,9.0,82.0,131.9,131.9
0,14439,1,201101,11,32.0,526.0,2661.24,2661.24
3,14442,2,201105,7,31.5,241.0,794.9100000000001,1589.8200000000002
5,14450,3,201106,6,13.333333333333334,80.33333333333333,161.08333333333334,483.25
5,14453,1,201106,6,22.0,49.0,119.93000000000002,119.93000000000002
0,14457,1,201102,10,4.0,88.0,113.64,113.64
3,14459,1,201107,5,37.0,760.0,1837.9199999999996,1837.9199999999996
3,14461,3,201107,5,59.666666666666664,255.0,700.89,2102.67
3,14465,3,201104,8,43.333333333333336,135.0,352.8733333333333,1058.62
0,14476,1,201103,9,19.0,132.0,215.7,215.7
0,14479,2,201103,9,9.0,58.5,158.125,316.25
5,14481,2,201106,6,15.0,244.5,318.255,636.51
0,14483,1,201103,9,9.0,97.0,137.10000000000002,137.10000000000002
3,14489,1,201105,7,30.0,299.0,463.38000000000005,463.38000000000005
5,14491,2,201106,6,8.5,69.5,170.465,340.93
0,14496,2,201102,10,9.5,79.5,269.405,538.81
0,14497,1,201102,10,29.0,235.0,475.3699999999999,475.3699999999999
5,14501,2,201106,6,4.5,68.5,110.605,221.21
5,14512,2,201106,6,11.5,61.0,137.64,275.28
1,14532,4,201104,8,16.0,71.0,233.21249999999998,932.8499999999999
0,14536,1,201103,9,19.0,40.0,171.8,171.8
5,14542,1,201106,6,5.0,19.0,103.25000000000001,103.25000000000001
5,14548,2,201107,5,2.0,128.0,326.4,652.8
1,14549,1,201102,10,56.0,136.0,289.2399999999999,289.2399999999999
3,14552,1,201107,5,58.0,91.0,165.07000000000005,165.07000000000005
0,14570,2,201103,9,14.0,47.0,108.60499999999998,217.20999999999995
1,14573,8,201106,6,28.75,67.375,200.70874999999995,1605.6699999999996
0,14576,1,201100,12,1.0,12.0,35.400000000000006,35.400000000000006
1,14584,4,201106,6,24.75,94.75,244.61499999999998,978.4599999999999
0,14586,1,201103,9,11.0,236.0,134.16,134.16
0,14589,1,201100,12,3.0,5.0,39.75,39.75
0,14600,1,201102,10,25.0,125.0,393.3299999999999,393.3299999999999
0,14603,1,201103,9,2.0,400.0,660.0,660.0
5,14616,3,201104,8,1.0,34.666666666666664,135.36,406.08000000000004
5,14619,1,201104,8,20.0,152.0,394.43999999999994,394.43999999999994
5,14620,2,201105,7,13.0,107.0,206.39,412.78
5,14622,1,201106,6,21.0,146.0,320.58,320.58
3,14625,2,201105,7,26.0,166.5,432.865,865.73
0,14632,1,201103,9,8.0,96.0,114.55999999999999,114.55999999999999
0,14633,1,201103,9,20.0,96.0,344.9000000000001,344.9000000000001
5,14643,2,201106,6,15.5,407.5,346.90500000000003,693.8100000000001
5,14645,2,201107,5,15.0,190.5,298.545,597.09
3,14647,1,201105,7,30.0,95.0,243.21999999999994,243.21999999999994
3,14656,2,201106,6,40.0,60.0,145.52500000000003,291.05000000000007
3,14669,3,201104,8,56.666666666666664,258.3333333333333,423.3299999999999,1269.9899999999998
1,14670,2,201103,9,66.0,168.5,205.76500000000007,411.53000000000014
3,14672,2,201104,8,30.5,227.0,382.7750000000001,765.5500000000002
5,14682,2,201106,6,1.0,40.0,26.0,52.0
5,14689,1,201105,7,13.0,76.0,112.80000000000001,112.80000000000001
1,14692,4,201107,5,17.0,66.25,147.8875,591.55
0,14693,1,201103,9,8.0,34.0,172.9,172.9
5,14697,2,201105,7,11.0,90.5,94.305,188.61
5,14699,1,201105,7,8.0,77.0,109.12999999999998,109.12999999999998
5,14705,1,201105,7,1.0,100.0,179.0,179.0
3,14722,1,201107,5,29.0,120.0,187.91999999999996,187.91999999999996
0,14727,1,201103,9,10.0,62.0,268.58,268.58
1,14729,1,201100,12,71.0,197.0,313.48999999999995,313.48999999999995
3,14740,3,201105,7,29.666666666666668,245.0,482.7366666666667,1448.21
5,14747,1,201104,8,17.0,82.0,294.29999999999995,294.29999999999995
1,14758,4,201107,5,17.75,104.75,371.01500000000004,1484.0600000000002
0,14760,1,201102,10,3.0,28.0,53.8,53.8
0,14762,1,201103,9,21.0,341.0,300.52,300.52
3,14770,2,201104,8,26.0,245.0,438.21000000000004,876.4200000000001
0,14779,3,201103,9,13.666666666666666,28.0,128.71666666666667,386.15
0,14782,1,201101,11,6.0,114.0,200.10000000000002,200.10000000000002
5,14795,1,201106,6,6.0,17.0,131.45,131.45
5,14803,3,201106,6,14.666666666666666,123.33333333333333,281.84999999999997,845.55
0,14813,2,201100,12,15.0,33.5,77.715,155.43
5,14816,1,201105,7,4.0,5.0,271.85,271.85
3,14817,2,201105,7,30.5,326.5,505.17,1010.34
0,14821,1,201100,12,2.0,20.0,48.800000000000004,48.800000000000004
5,14823,3,201106,6,23.333333333333332,29.333333333333332,107.14333333333333,321.43
5,14828,3,201105,7,5.666666666666667,724.0,713.2533333333334,2139.76
0,14840,1,201103,9,4.0,31.0,62.85,62.85
5,14847,1,201107,5,13.0,120.0,309.4,309.4
0,14850,1,201102,10,21.0,293.0,325.75,325.75
5,14867,3,201106,6,12.0,109.33333333333333,236.76,710.28
0,14870,1,201103,9,13.0,119.0,327.24999999999994,327.24999999999994
3,14873,1,201105,7,28.0,168.0,519.68,519.68
5,14885,1,201107,5,15.0,724.0,765.3199999999999,765.3199999999999
5,14886,1,201104,8,18.0,160.0,364.80000000000007,364.80000000000007
5,14888,1,201105,7,20.0,184.0,369.2,369.2
0,14889,1,201101,11,10.0,90.0,135.9,135.9
0,14890,1,201103,9,7.0,51.0,125.65,125.65
5,14891,2,201107,5,16.5,252.5,277.19,554.38
5,14896,2,201105,7,21.5,139.5,234.385,468.77
5,14905,2,201107,5,8.5,143.5,308.075,616.15
3,14920,2,201105,7,28.5,254.5,488.885,977.77
5,14924,1,201104,8,10.0,64.0,310.05,310.05
0,14932,1,201100,12,16.0,79.0,313.53,313.53
0,14935,1,201102,10,10.0,935.0,1784.7099999999998,1784.7099999999998
0,14957,1,201103,9,12.0,34.0,58.49000000000001,58.49000000000001
5,14958,3,201107,5,14.0,43.0,166.55999999999997,499.67999999999995
0,14962,1,201103,9,5.0,44.0,126.70000000000002,126.70000000000002
5,14964,1,201104,8,13.0,143.0,206.21,206.21
5,14981,1,201104,8,8.0,97.0,102.11999999999998,102.11999999999998
3,14985,2,201105,7,43.5,130.0,148.37499999999997,296.74999999999994
3,14988,1,201105,7,40.0,141.0,334.54,334.54
3,14998,2,201106,6,37.5,135.0,214.935,429.87
1,15004,1,201107,5,157.0,629.0,1245.9299999999994,1245.9299999999994
5,15007,1,201107,5,12.0,69.0,156.91000000000003,156.91000000000003
5,15016,1,201106,6,20.0,76.0,170.04,170.04
1,15019,1,201103,9,70.0,159.0,265.9999999999999,265.9999999999999
1,15032,3,201103,9,16.333333333333332,889.3333333333334,1488.0333333333328,4464.0999999999985
3,15041,1,201106,6,67.0,104.0,180.35000000000002,180.35000000000002
5,15042,1,201105,7,5.0,30.0,135.93,135.93
5,15045,2,201107,5,5.5,53.0,316.83,633.66
0,15047,1,201103,9,22.0,222.0,343.62,343.62
0,15049,1,201103,9,3.0,63.0,121.17000000000002,121.17000000000002
0,15052,1,201101,11,30.0,82.0,215.78,215.78
0,15057,2,201103,9,12.5,334.0,744.75,1489.5
5,15063,1,201105,7,5.0,56.0,370.79999999999995,370.79999999999995
1,15069,1,201106,6,70.0,520.0,1109.5300000000007,1109.5300000000007
0,15070,1,201100,12,1.0,36.0,106.2,106.2
3,15076,1,201106,6,49.0,571.0,880.8500000000004,880.8500000000004
1,15079,4,201105,7,11.75,97.25,223.90250000000003,895.6100000000001
0,15083,1,201103,9,5.0,38.0,88.19999999999999,88.19999999999999
0,15087,1,201103,9,15.0,470.0,306.94,306.94
0,15090,1,201102,10,23.0,208.0,381.32000000000005,381.32000000000005
5,15092,2,201105,7,13.0,67.5,228.90500000000003,457.81000000000006
1,15098,2,201106,6,1.0,30.5,19809.75,39619.5
0,15100,3,201101,11,1.0,26.666666666666668,292.0,876.0
3,15104,2,201105,7,34.0,318.0,505.2449999999999,1010.4899999999998
1,15107,5,201102,10,3.0,32.6,52.0,260.0
5,15108,3,201107,5,19.0,163.33333333333334,386.4166666666667,1159.25
3,15109,1,201104,8,28.0,131.0,484.95,484.95
5,15118,1,201107,5,1.0,1440.0,244.8,244.8
5,15119,1,201104,8,14.0,88.0,266.4,266.4
5,15120,1,201107,5,20.0,292.0,343.8199999999999,343.8199999999999
5,15130,1,201106,6,22.0,197.0,330.11,330.11
5,15135,1,201104,8,9.0,43.0,139.04999999999998,139.04999999999998
5,15139,2,201104,8,6.5,104.0,89.48000000000002,178.96000000000004
5,15143,1,201104,8,14.0,150.0,259.45,259.45
3,15146,2,201106,6,45.5,736.5,663.5800000000003,1327.1600000000005
3,15147,1,201104,8,28.0,366.0,623.5,623.5
5,15149,1,201107,5,23.0,128.0,520.8,520.8
0,15160,1,201100,12,4.0,84.0,158.16000000000003,158.16000000000003
0,15165,1,201100,12,27.0,160.0,487.75,487.75
0,15167,1,201101,11,41.0,67.0,162.99999999999997,162.99999999999997
0,15171,1,201101,11,3.0,190.0,1034.5,1034.5
0,15174,1,201101,11,11.0,145.0,135.75,135.75
0,15178,1,201103,9,3.0,30.0,40.5,40.5
0,15180,1,201100,12,6.0,36.0,87.5,87.5
5,15182,2,201107,5,14.5,126.5,311.42500000000007,622.8500000000001
0,15204,1,201100,12,9.0,258.0,316.58000000000004,316.58000000000004
5,15210,1,201104,8,20.0,228.0,331.18,331.18
5,15212,1,201104,8,5.0,36.0,101.79999999999998,101.79999999999998
0,15213,2,201101,11,12.0,136.0,164.17499999999995,328.3499999999999
5,15219,1,201106,6,9.0,45.0,305.75,305.75
0,15221,1,201100,12,5.0,43.0,403.25,403.25
0,15222,1,201101,11,5.0,440.0,585.0,585.0
5,15223,1,201104,8,8.0,98.0,454.9,454.9
0,15224,1,201100,12,12.0,150.0,310.47999999999996,310.47999999999996
5,15225,1,201104,8,23.0,226.0,409.4000000000001,409.4000000000001
0,15226,1,201102,10,8.0,71.0,154.41,154.41
5,15230,2,201104,8,11.5,175.5,214.8,429.6
0,15234,1,201103,9,14.0,196.0,197.0,197.0
1,15235,12,201105,7,11.916666666666666,110.33333333333333,187.29250000000002,2247.51
0,15236,1,201102,10,15.0,269.0,321.05,321.05
3,15245,3,201107,5,29.666666666666668,594.6666666666666,838.6133333333333,2515.84
5,15246,2,201104,8,16.5,123.5,257.075,514.15
5,15256,1,201107,5,6.0,55.0,98.45,98.45
0,15257,1,201103,9,6.0,45.0,152.14999999999998,152.14999999999998
5,15258,2,201106,6,17.0,71.0,311.58000000000004,623.1600000000001
5,15261,1,201107,5,19.0,270.0,254.82000000000002,254.82000000000002
0,15262,1,201101,11,10.0,73.0,178.95000000000002,178.95000000000002
3,15265,2,201107,5,41.0,306.0,753.06,1506.12
0,15266,1,201101,11,6.0,18.0,119.30000000000001,119.30000000000001
0,15279,1,201100,12,19.0,189.0,290.51,290.51
5,15280,1,201106,6,16.0,154.0,113.12,113.12
5,15292,1,201105,7,25.0,56.0,180.93999999999997,180.93999999999997
0,15303,1,201102,10,31.0,248.0,574.02,574.02
0,15308,1,201103,9,19.0,175.0,310.47,310.47
5,15314,1,201105,7,24.0,313.0,327.97,327.97
0,15316,1,201101,11,1.0,100.0,165.0,165.0
0,15319,1,201103,9,16.0,175.0,204.5,204.5
0,15326,1,201101,11,29.0,386.0,311.71,311.71
0,15332,4,201100,12,8.75,163.0,415.265,1661.06
5,15333,1,201105,7,16.0,344.0,1028.56,1028.56
3,15334,3,201107,5,32.666666666666664,91.0,116.24,348.71999999999997
0,15346,1,201101,11,17.0,144.0,252.42000000000004,252.42000000000004
0,15347,1,201100,12,5.0,130.0,201.59999999999997,201.59999999999997
3,15349,2,201107,5,36.0,163.5,236.90499999999994,473.8099999999999
0,15350,1,201100,12,5.0,51.0,115.65,115.65
3,15353,2,201103,9,31.5,171.5,388.51,777.02
0,15361,1,201100,12,7.0,336.0,418.9200000000001,418.9200000000001
0,15363,1,201100,12,16.0,144.0,326.0,326.0
3,15372,1,201107,5,27.0,2924.0,2007.4,2007.4
1,15379,7,201106,6,27.571428571428573,328.42857142857144,521.3700000000001,3649.5900000000006
5,15381,2,201105,7,4.0,85.5,298.425,596.85
5,15384,2,201106,6,20.5,298.0,321.2049999999999,642.4099999999999
3,15386,1,201106,6,31.0,446.0,394.14000000000004,394.14000000000004
0,15388,1,201103,9,10.0,88.0,140.54,140.54
5,15389,1,201106,6,1.0,400.0,500.0,500.0
0,15395,1,201101,11,7.0,17.0,107.45000000000002,107.45000000000002
0,15397,1,201102,10,6.0,20.0,94.0,94.0
5,15402,2,201107,5,20.5,346.5,313.17499999999995,626.3499999999999
5,15405,1,201106,6,8.0,193.0,349.1,349.1
3,15408,1,201103,9,34.0,106.0,267.17999999999995,267.17999999999995
5,15412,1,201106,6,10.0,108.0,190.53000000000003,190.53000000000003
1,15415,1,201101,11,48.0,575.0,572.8099999999998,572.8099999999998
0,15422,2,201101,11,3.0,19.0,48.85,97.7
0,15424,2,201103,9,8.5,277.0,191.67000000000002,383.34000000000003
5,15433,2,201105,7,20.5,267.0,266.65,533.3
3,15437,1,201103,9,45.0,79.0,200.16000000000003,200.16000000000003
5,15438,1,201107,5,25.0,59.0,156.57999999999998,156.57999999999998
5,15442,1,201104,8,2.0,120.0,594.0,594.0
0,15445,1,201103,9,5.0,58.0,113.5,113.5
0,15447,1,201101,11,9.0,85.0,155.17,155.17
0,15448,1,201101,11,28.0,232.0,494.64000000000004,494.64000000000004
0,15454,1,201100,12,25.0,86.0,179.10000000000002,179.10000000000002
0,15456,3,201103,9,20.0,220.0,149.07333333333335,447.22
1,15457,1,201103,9,58.0,132.0,237.07000000000002,237.07000000000002
1,15460,1,201100,12,58.0,109.0,216.76,216.76
1,15464,1,201101,11,157.0,350.0,1048.8500000000006,1048.8500000000006
1,15483,4,201107,5,22.0,73.75,58.452500000000015,233.81000000000006
1,15503,1,201100,12,70.0,74.0,147.09000000000003,147.09000000000003
3,15507,1,201106,6,46.0,162.0,492.35999999999996,492.35999999999996
1,15508,6,201106,6,15.333333333333334,73.33333333333333,166.71166666666667,1000.27
0,15510,1,201101,11,1.0,2.0,250.0,250.0
5,15512,2,201107,5,3.5,34.0,60.5,121.0
3,15517,1,201104,8,27.0,293.0,267.03000000000003,267.03000000000003
0,15528,1,201103,9,26.0,123.0,229.32999999999993,229.32999999999993
5,15535,3,201106,6,24.666666666666668,43.666666666666664,171.39999999999998,514.1999999999999
5,15537,1,201106,6,24.0,29.0,110.92000000000003,110.92000000000003
0,15543,1,201102,10,28.0,86.0,127.85999999999999,127.85999999999999
5,15552,1,201105,7,17.0,60.0,90.12,90.12
0,15554,1,201103,9,14.0,74.0,217.2,217.2
0,15562,1,201100,12,1.0,39.0,134.55,134.55
3,15574,4,201106,6,42.0,87.25,175.56249999999997,702.2499999999999
5,15577,3,201107,5,13.0,29.666666666666668,86.29333333333334,258.88
5,15578,1,201106,6,13.0,52.0,127.1,127.1
1,15581,10,201107,5,14.6,28.3,72.16300000000001,721.6300000000001
3,15585,1,201106,6,31.0,320.0,455.30000000000007,455.30000000000007
0,15589,3,201103,9,9.333333333333334,80.66666666666667,152.19333333333333,456.58
1,15596,4,201105,7,18.25,137.75,339.8225,1359.29
0,15607,1,201101,11,13.0,202.0,104.76,104.76
5,15609,1,201106,6,14.0,145.0,270.03000000000003,270.03000000000003
5,15623,1,201107,5,19.0,125.0,301.03,301.03
5,15639,1,201107,5,25.0,323.0,425.31999999999994,425.31999999999994
5,15643,3,201106,6,11.0,82.0,221.33333333333334,664.0
3,15644,4,201106,6,59.5,139.25,203.24999999999997,812.9999999999999
5,15646,3,201107,5,11.333333333333334,129.33333333333334,141.71333333333334,425.14
5,15648,2,201105,7,12.0,107.5,303.17499999999995,606.3499999999999
0,15649,2,201101,11,1.0,96.0,408.0,816.0
3,15655,1,201104,8,32.0,320.0,521.2700000000001,521.2700000000001
1,15658,4,201106,6,11.5,60.0,250.71250000000003,1002.8500000000001
0,15661,2,201101,11,2.5,118.0,154.89999999999998,309.79999999999995
3,15665,2,201106,6,58.0,833.0,1121.0050000000003,2242.0100000000007
5,15668,1,201105,7,1.0,72.0,76.32000000000001,76.32000000000001
0,15670,1,201102,10,12.0,91.0,173.05,173.05
5,15691,1,201104,8,2.0,72.0,136.8,136.8
0,15695,2,201103,9,11.0,106.0,204.99000000000004,409.9800000000001
3,15700,2,201106,6,42.0,176.0,342.2149999999998,684.4299999999996
0,15703,1,201103,9,5.0,66.0,211.5,211.5
1,15704,4,201107,5,29.25,257.0,573.405,2293.62
5,15705,1,201105,7,6.0,62.0,143.10000000000002,143.10000000000002
0,15709,1,201103,9,6.0,121.0,133.25,133.25
5,15713,2,201107,5,9.5,75.0,178.35000000000002,356.70000000000005
1,15716,4,201107,5,29.5,186.0,279.7025,1118.81
5,15717,1,201104,8,7.0,70.0,150.3,150.3
0,15723,1,201100,12,41.0,87.0,203.1,203.1
5,15724,2,201105,7,5.5,36.5,109.125,218.25
5,15729,1,201105,7,4.0,24.0,62.0,62.0
5,15732,2,201105,7,7.0,107.5,147.06,294.12
0,15733,1,201103,9,10.0,62.0,162.3,162.3
5,15746,1,201107,5,27.0,130.0,182.96,182.96
1,15749,2,201104,8,3.0,5157.0,12425.45,24850.9
0,15753,1,201102,10,1.0,144.0,79.2,79.2
5,15759,3,201105,7,2.3333333333333335,20.0,84.34666666666668,253.04000000000002
5,15775,1,201104,8,7.0,68.0,104.9,104.9
5,15776,1,201107,5,18.0,138.0,241.62000000000003,241.62000000000003
1,15777,4,201104,8,5.25,94.5,261.7775,1047.11
5,15780,3,201106,6,9.666666666666666,73.33333333333333,158.42666666666665,475.28
0,15789,1,201100,12,25.0,438.0,351.3,351.3
3,15795,1,201107,5,42.0,581.0,610.0100000000001,610.0100000000001
1,15808,4,201102,10,52.0,335.75,933.7425000000002,3734.9700000000007
3,15810,3,201106,6,28.333333333333332,281.6666666666667,442.58,1327.74
5,15813,2,201105,7,20.0,301.5,651.955,1303.91
0,15820,1,201101,11,17.0,128.0,206.98000000000002,206.98000000000002
5,15825,1,201106,6,20.0,220.0,532.94,532.94
1,15832,1,201103,9,54.0,465.0,836.7899999999998,836.7899999999998
0,15843,1,201102,10,8.0,27.0,118.95,118.95
5,15852,2,201106,6,11.0,24.0,80.355,160.71
1,15855,5,201107,5,16.0,94.0,142.448,712.24
0,15869,2,201103,9,7.5,87.5,74.82,149.64
1,15880,1,201100,12,104.0,187.0,313.28,313.28
1,15881,5,201101,11,5.2,39.8,75.648,378.23999999999995
1,15882,4,201105,7,5.25,63.5,123.26999999999998,493.0799999999999
3,15889,2,201107,5,45.5,104.5,213.78499999999997,427.56999999999994
1,15891,1,201104,8,61.0,441.0,521.9699999999999,521.9699999999999
0,15894,2,201103,9,20.0,83.5,131.45,262.9
5,15895,1,201107,5,11.0,94.0,179.17,179.17
5,15897,2,201105,7,12.0,130.5,111.02499999999999,222.04999999999998
0,15899,1,201100,12,4.0,39.0,56.25,56.25
5,15909,1,201106,6,7.0,98.0,191.93999999999997,191.93999999999997
5,15912,2,201106,6,9.5,92.5,132.31,264.62
5,15917,1,201104,8,12.0,42.0,123.10000000000001,123.10000000000001
5,15918,2,201106,6,20.0,76.5,167.11499999999998,334.22999999999996
5,15920,3,201107,5,19.333333333333332,31.333333333333332,54.51666666666667,163.55
5,15921,1,201106,6,25.0,166.0,336.03000000000003,336.03000000000003
0,15922,1,201100,12,11.0,138.0,369.50000000000006,369.50000000000006
0,15923,1,201100,12,21.0,122.0,127.08000000000003,127.08000000000003
5,15925,1,201105,7,12.0,93.0,207.15,207.15
5,15935,1,201104,8,11.0,114.0,108.03999999999999,108.03999999999999
0,15940,1,201102,10,1.0,4.0,35.8,35.8
5,15942,1,201107,5,14.0,232.0,337.43999999999994,337.43999999999994
0,15944,1,201103,9,6.0,50.0,325.1,325.1
0,15945,1,201100,12,2.0,52.0,181.0,181.0
0,15970,1,201102,10,11.0,116.0,314.1,314.1
0,15973,1,201100,12,3.0,88.0,110.72,110.72
3,15976,2,201106,6,49.0,138.5,215.46999999999997,430.93999999999994
5,16006,1,201105,7,8.0,84.0,101.39999999999999,101.39999999999999
3,16010,3,201104,8,28.666666666666668,70.0,135.83333333333334,407.5
1,16022,1,201103,9,76.0,261.0,628.2800000000001,628.2800000000001
0,16030,1,201102,10,29.0,283.0,331.24000000000007,331.24000000000007
5,16034,3,201105,7,7.333333333333333,80.66666666666667,145.89999999999998,437.69999999999993
0,16037,3,201103,9,13.0,142.66666666666666,285.0066666666667,855.0200000000001
0,16048,2,201100,12,4.0,72.0,128.22000000000003,256.44000000000005
5,16050,1,201106,6,10.0,278.0,137.9,137.9
3,16054,1,201107,5,70.0,380.0,783.8999999999999,783.8999999999999
5,16055,1,201105,7,8.0,22.0,134.8,134.8
0,16063,1,201103,9,23.0,262.0,335.32000000000005,335.32000000000005
1,16065,1,201100,12,74.0,231.0,372.0900000000001,372.0900000000001
0,16072,1,201102,10,23.0,140.0,584.3199999999999,584.3199999999999
0,16073,1,201102,10,1.0,48.0,122.39999999999999,122.39999999999999
0,16078,1,201103,9,1.0,16.0,79.2,79.2
0,16084,1,201102,10,38.0,216.0,436.17999999999995,436.17999999999995
5,16091,2,201107,5,9.0,77.0,157.53,315.06
0,16096,1,201103,9,12.0,155.0,320.62,320.62
5,16097,1,201104,8,10.0,87.0,185.05,185.05
5,16105,1,201104,8,13.0,330.0,336.96,336.96
5,16109,2,201105,7,9.0,306.0,305.93999999999994,611.8799999999999
1,16112,4,201107,5,4.0,143.5,48.935,195.74
3,16113,1,201106,6,30.0,176.0,161.38000000000002,161.38000000000002
5,16114,1,201106,6,8.0,43.0,135.75000000000003,135.75000000000003
3,16116,1,201105,7,33.0,246.0,592.8800000000001,592.8800000000001
3,16117,1,201106,6,30.0,130.0,232.21,232.21
0,16124,1,201101,11,11.0,48.0,249.0,249.0
0,16125,1,201100,12,13.0,124.0,289.35,289.35
0,16135,1,201103,9,21.0,209.0,517.5499999999998,517.5499999999998
3,16142,1,201104,8,37.0,422.0,535.3400000000001,535.3400000000001
5,16144,1,201104,8,1.0,16.0,175.2,175.2
5,16146,3,201107,5,9.666666666666666,142.33333333333334,244.71,734.13
5,16147,1,201107,5,22.0,246.0,375.0,375.0
0,16148,1,201102,10,1.0,72.0,76.32000000000001,76.32000000000001
3,16152,1,201103,9,29.0,642.0,1829.04,1829.04
0,16159,1,201103,9,14.0,236.0,348.2000000000001,348.2000000000001
5,16162,1,201104,8,2.0,4.0,37.4,37.4
0,16163,1,201100,12,5.0,92.0,441.6,441.6
5,16178,1,201107,5,8.0,94.0,197.90000000000003,197.90000000000003
5,16193,1,201104,8,19.0,219.0,314.45,314.45
0,16202,1,201100,12,18.0,191.0,365.27000000000004,365.27000000000004
5,16214,3,201106,6,14.666666666666666,140.0,354.25,1062.75
3,16216,1,201103,9,37.0,254.0,914.9300000000002,914.9300000000002
5,16217,2,201104,8,6.0,38.5,133.22500000000002,266.45000000000005
1,16222,1,201101,11,137.0,365.0,846.7200000000007,846.7200000000007
5,16226,3,201105,7,2.6666666666666665,64.0,85.04,255.12
5,16227,1,201104,8,6.0,90.0,314.22,314.22
5,16230,2,201106,6,17.5,182.5,271.015,542.03
3,16244,2,201105,7,45.5,427.5,761.3749999999998,1522.7499999999995
5,16247,1,201106,6,16.0,182.0,114.56,114.56
0,16250,2,201103,9,12.0,104.0,194.72,389.44
0,16256,1,201103,9,13.0,581.0,752.4300000000002,752.4300000000002
5,16257,1,201106,6,1.0,1.0,21.95,21.95
1,16270,1,201100,12,54.0,688.0,1141.2399999999996,1141.2399999999996
1,16274,1,201100,12,65.0,153.0,337.74999999999994,337.74999999999994
3,16275,1,201105,7,33.0,336.0,559.8699999999999,559.8699999999999
5,16276,1,201106,6,6.0,420.0,810.6000000000001,810.6000000000001
0,16282,1,201101,11,11.0,114.0,168.3,168.3
5,16287,1,201106,6,8.0,298.0,142.5,142.5
0,16297,1,201103,9,19.0,182.0,281.5,281.5
5,16305,1,201107,5,22.0,256.0,361.2199999999999,361.2199999999999
1,16306,5,201105,7,7.8,94.6,121.474,607.37
0,16315,1,201101,11,14.0,75.0,226.37,226.37
5,16319,1,201105,7,3.0,72.0,404.40000000000003,404.40000000000003
3,16320,2,201106,6,28.0,366.0,519.2300000000001,1038.4600000000003
5,16323,1,201105,7,1.0,50.0,207.50000000000003,207.50000000000003
5,16338,1,201107,5,11.0,94.0,214.80000000000004,214.80000000000004
0,16339,1,201102,10,20.0,23.0,109.95000000000002,109.95000000000002
5,16344,1,201107,5,2.0,18.0,101.10000000000001,101.10000000000001
0,16349,1,201102,10,9.0,9.0,53.5,53.5
0,16351,1,201101,11,8.0,90.0,153.9,153.9
5,16356,3,201105,7,10.333333333333334,31.0,70.59,211.77
0,16377,1,201103,9,5.0,1500.0,676.2,676.2
5,16378,3,201104,8,7.666666666666667,89.0,120.9833333333333,362.94999999999993
0,16387,1,201101,11,4.0,44.0,94.36,94.36
3,16392,1,201103,9,45.0,203.0,221.19000000000005,221.19000000000005
3,16398,2,201107,5,40.0,377.5,822.9750000000001,1645.9500000000003
0,16402,2,201103,9,30.0,74.5,149.79999999999995,299.5999999999999
0,16403,1,201101,11,10.0,114.0,177.5,177.5
0,16405,2,201102,10,2.5,93.5,83.625,167.25
5,16424,1,201106,6,5.0,88.0,133.56,133.56
0,16425,1,201102,10,21.0,199.0,302.69999999999993,302.69999999999993
0,16427,2,201103,9,4.5,78.0,120.53,241.06
3,16431,3,201105,7,27.666666666666668,151.0,214.26999999999998,642.81
5,16446,1,201105,7,2.0,2.0,2.9,2.9
3,16447,1,201107,5,36.0,223.0,259.0099999999998,259.0099999999998
5,16448,1,201105,7,20.0,78.0,188.89,188.89
5,16449,2,201105,7,19.5,182.5,343.895,687.79
5,16450,1,201107,5,11.0,200.0,311.92,311.92
5,16457,1,201105,7,9.0,140.0,208.36,208.36
3,16461,1,201106,6,33.0,49.0,151.42,151.42
0,16471,1,201103,9,13.0,141.0,223.95,223.95
5,16473,3,201106,6,6.0,65.33333333333333,105.37,316.11
5,16483,1,201105,7,19.0,44.0,139.35000000000002,139.35000000000002
5,16484,2,201106,6,12.0,97.0,189.7,379.4
1,16494,1,201102,10,50.0,675.0,826.5299999999999,826.5299999999999
5,16498,2,201107,5,7.5,22.5,50.48500000000001,100.97000000000001
0,16499,2,201100,12,9.0,62.5,169.975,339.95
0,16509,1,201102,10,13.0,64.0,363.7,363.7
0,16510,1,201100,12,13.0,92.0,248.10000000000002,248.10000000000002
0,16517,1,201103,9,17.0,96.0,162.70000000000005,162.70000000000005
3,16520,3,201106,6,51.666666666666664,185.66666666666666,345.5399999999999,1036.6199999999997
5,16526,1,201106,6,15.0,106.0,290.35999999999996,290.35999999999996
3,16529,1,201106,6,30.0,198.0,455.25,455.25
5,16545,1,201106,6,3.0,78.0,339.3,339.3
0,16546,2,201102,10,12.5,274.5,393.57500000000005,787.1500000000001
5,16552,2,201104,8,8.5,109.5,189.865,379.73
1,16553,12,201106,6,6.916666666666667,383.0,472.4016666666667,5668.820000000001
0,16565,1,201100,12,3.0,46.0,173.7,173.7
5,16567,2,201105,7,17.5,498.0,432.79999999999995,865.5999999999999
5,16581,1,201106,6,7.0,122.0,70.44,70.44
0,16583,1,201100,12,14.0,111.0,233.45000000000002,233.45000000000002
5,16586,1,201104,8,8.0,95.0,463.95,463.95
5,16587,1,201104,8,13.0,71.0,225.14999999999995,225.14999999999995
0,16598,1,201102,10,10.0,73.0,145.05,145.05
5,16610,1,201105,7,6.0,66.0,75.66,75.66
5,16611,1,201106,6,10.0,47.0,129.49,129.49
3,16614,1,201106,6,26.0,223.0,506.18999999999994,506.18999999999994
5,16617,1,201104,8,5.0,91.0,151.85000000000002,151.85000000000002
0,16619,1,201103,9,14.0,133.0,226.21,226.21
5,16623,1,201104,8,5.0,39.0,129.45,129.45
0,16625,1,201103,9,23.0,164.0,333.08000000000004,333.08000000000004
5,16634,2,201105,7,4.5,41.0,108.95,217.9
3,16643,1,201104,8,27.0,269.0,487.51,487.51
3,16644,2,201106,6,31.0,413.0,416.8899999999999,833.7799999999997
5,16647,2,201106,6,7.0,73.0,107.03,214.06
1,16654,4,201107,5,7.25,70.5,150.3175,601.27
0,16658,1,201100,12,8.0,40.0,123.24,123.24
5,16659,1,201106,6,2.0,72.0,39.12,39.12
0,16665,1,201100,12,9.0,59.0,135.4,135.4
0,16679,1,201100,12,3.0,29.0,129.75,129.75
0,16692,2,201103,9,1.0,75.5,563.0,1126.0
1,16696,4,201107,5,2.5,36.5,164.47500000000002,657.9000000000001
5,16697,1,201104,8,21.0,27.0,112.75000000000001,112.75000000000001
5,16698,2,201104,8,2.5,420.0,999.0,1998.0
1,16714,2,201101,11,45.5,303.5,448.2650000000001,896.5300000000002
0,16716,2,201103,9,1.0,60.0,450.6,901.2
1,16718,1,201100,12,45.0,413.0,623.7500000000002,623.7500000000002
3,16721,1,201103,9,37.0,172.0,292.46999999999997,292.46999999999997
1,16725,6,201102,10,24.833333333333332,48.666666666666664,128.93666666666667,773.62
1,16727,1,201100,12,46.0,177.0,272.81999999999994,272.81999999999994
0,16738,1,201102,10,1.0,3.0,3.75,3.75
5,16739,1,201106,6,13.0,172.0,323.00000000000006,323.00000000000006
0,16752,1,201100,12,9.0,54.0,207.5,207.5
0,16754,1,201100,12,2.0,4280.0,2002.4,2002.4
5,16756,1,201105,7,13.0,106.0,239.4,239.4
0,16757,1,201101,11,7.0,81.0,106.83,106.83
5,16763,1,201105,7,22.0,318.0,594.9000000000002,594.9000000000002
0,16765,1,201102,10,1.0,4.0,34.0,34.0
0,16766,2,201103,9,17.0,268.0,572.8,1145.6
3,16769,1,201103,9,40.0,83.0,380.3899999999999,380.3899999999999
0,16781,1,201100,12,16.0,112.0,296.29999999999995,296.29999999999995
0,16792,2,201103,9,6.0,22.0,55.190000000000005,110.38000000000001
1,16795,1,201100,12,66.0,239.0,414.88000000000005,414.88000000000005
5,16801,3,201106,6,10.333333333333334,104.33333333333333,289.2766666666667,867.83
3,16805,2,201106,6,49.0,269.5,230.29499999999996,460.5899999999999
5,16807,3,201107,5,22.333333333333332,259.3333333333333,373.8633333333333,1121.59
5,16810,1,201105,7,15.0,114.0,309.53999999999996,309.53999999999996
0,16812,1,201100,12,15.0,81.0,479.3500000000001,479.3500000000001
3,16823,1,201104,8,38.0,136.0,358.37999999999994,358.37999999999994
5,16829,1,201107,5,11.0,99.0,197.22,197.22
5,16832,3,201106,6,4.0,11.0,66.38333333333334,199.15
5,16834,1,201104,8,24.0,358.0,413.46000000000004,413.46000000000004
5,16838,2,201105,7,12.5,92.5,294.42500000000007,588.8500000000001
5,16849,1,201106,6,8.0,33.0,124.57,124.57
0,16850,1,201101,11,19.0,249.0,332.40999999999997,332.40999999999997
0,16858,1,201100,12,10.0,91.0,375.69000000000005,375.69000000000005
5,16859,2,201107,5,22.5,385.0,305.14,610.28
5,16866,3,201107,5,3.6666666666666665,20.0,69.24666666666667,207.74
5,16883,2,201106,6,19.0,52.0,138.365,276.73
3,16889,3,201105,7,45.0,308.3333333333333,526.2233333333334,1578.67
1,16893,1,201100,12,45.0,62.0,145.93000000000004,145.93000000000004
0,16897,1,201101,11,30.0,58.0,213.03000000000006,213.03000000000006
0,16913,1,201102,10,8.0,82.0,113.44000000000001,113.44000000000001
0,16917,1,201103,9,9.0,232.0,391.5200000000001,391.5200000000001
1,16919,11,201107,5,29.727272727272727,128.45454545454547,236.04090909090917,2596.4500000000007
0,16926,1,201100,12,14.0,35.0,230.25000000000003,230.25000000000003
5,16943,3,201105,7,11.0,48.333333333333336,272.24333333333334,816.73
5,16947,1,201104,8,21.0,312.0,406.48000000000013,406.48000000000013
5,16948,3,201107,5,6.333333333333333,538.0,145.0066666666667,435.02000000000004
3,16951,2,201107,5,42.5,653.0,631.3750000000005,1262.750000000001
1,16955,4,201106,6,6.0,61.5,123.4175,493.67
5,16957,2,201104,8,8.0,86.0,208.32,416.64
5,16963,1,201106,6,7.0,35.0,110.55000000000001,110.55000000000001
5,16965,1,201104,8,25.0,243.0,192.06999999999996,192.06999999999996
5,16967,1,201106,6,21.0,333.0,319.0199999999999,319.0199999999999
0,16976,1,201103,9,2.0,88.0,251.51999999999998,251.51999999999998
3,16980,2,201103,9,43.5,394.0,539.4800000000001,1078.9600000000003
5,16990,1,201105,7,1.0,100.0,179.0,179.0
0,16997,3,201102,10,4.0,120.0,234.0,702.0
5,16998,3,201107,5,1.0,24.666666666666668,95.83333333333333,287.5
5,17026,2,201106,6,2.0,48.5,77.41499999999999,154.82999999999998
5,17035,2,201104,8,12.5,101.0,199.14000000000004,398.2800000000001
5,17040,1,201107,5,15.0,181.0,449.7299999999999,449.7299999999999
5,17046,1,201107,5,22.0,510.0,642.0199999999999,642.0199999999999
3,17051,1,201105,7,43.0,184.0,247.14,247.14
0,17060,1,201103,9,5.0,216.0,234.24,234.24
0,17062,4,201101,11,17.25,104.5,133.33249999999998,533.3299999999999
0,17094,1,201101,11,14.0,152.0,301.99999999999994,301.99999999999994
0,17102,1,201103,9,1.0,2.0,25.5,25.5
3,17105,2,201107,5,45.0,346.5,332.89,665.78
5,17110,1,201106,6,12.0,50.0,163.29999999999998,163.29999999999998
0,17117,1,201102,10,9.0,68.0,116.19999999999997,116.19999999999997
0,17118,1,201101,11,10.0,154.0,157.02,157.02
5,17120,1,201104,8,18.0,120.0,307.46,307.46
5,17123,1,201107,5,9.0,246.0,345.29999999999995,345.29999999999995
3,17124,1,201106,6,32.0,130.0,298.89000000000004,298.89000000000004
1,17126,5,201107,5,52.0,158.4,200.95000000000002,1004.7500000000001
0,17128,1,201101,11,14.0,76.0,157.09,157.09
0,17138,1,201103,9,24.0,126.0,380.5,380.5
5,17140,1,201104,8,20.0,302.0,465.32,465.32
5,17142,1,201104,8,15.0,81.0,579.0,579.0
5,17152,2,201105,7,6.0,238.5,735.75,1471.5
0,17165,1,201102,10,10.0,100.0,158.68,158.68
0,17171,1,201102,10,16.0,185.0,224.90999999999997,224.90999999999997
5,17174,1,201105,7,4.0,41.0,59.9,59.9
5,17176,1,201105,7,15.0,170.0,306.13,306.13
3,17179,3,201106,6,26.666666666666668,96.66666666666667,237.26333333333332,711.79
5,17187,1,201104,8,10.0,144.0,203.95,203.95
0,17194,1,201100,12,25.0,112.0,226.78000000000003,226.78000000000003
1,17204,4,201106,6,13.75,160.5,383.79,1535.16
0,17212,1,201103,9,4.0,147.0,226.85,226.85
5,17217,1,201104,8,9.0,24.0,113.5,113.5
0,17223,2,201102,10,24.0,55.5,195.895,391.79
0,17226,1,201102,10,21.0,406.0,393.48999999999995,393.48999999999995
1,17230,8,201103,9,8.375,194.375,434.52125,3476.17
5,17234,1,201106,6,14.0,55.0,149.89,149.89
0,17239,1,201101,11,15.0,150.0,382.50000000000006,382.50000000000006
5,17245,1,201105,7,9.0,75.0,171.45,171.45
0,17251,1,201100,12,39.0,110.0,283.28,283.28
3,17259,2,201107,5,62.0,205.0,301.685,603.37
5,17263,1,201105,7,23.0,36.0,63.440000000000005,63.440000000000005
3,17265,2,201107,5,63.5,197.0,281.44999999999993,562.8999999999999
3,17277,2,201104,8,34.5,215.0,532.6750000000001,1065.3500000000001
5,17278,1,201104,8,15.0,179.0,246.04000000000008,246.04000000000008
0,17291,1,201102,10,1.0,72.0,550.8000000000001,550.8000000000001
1,17303,1,201100,12,53.0,144.0,250.03999999999994,250.03999999999994
5,17312,3,201107,5,4.666666666666667,124.0,214.76666666666665,644.3
0,17325,1,201103,9,6.0,60.0,96.8,96.8
0,17334,2,201102,10,5.5,157.5,153.51000000000002,307.02000000000004
1,17337,4,201107,5,135.0,316.5,504.0550000000001,2016.2200000000005
3,17341,3,201107,5,61.0,163.0,260.4533333333333,781.3599999999999
0,17343,1,201100,12,17.0,56.0,193.63999999999996,193.63999999999996
5,17349,1,201106,6,9.0,112.0,110.75,110.75
0,17356,1,201102,10,19.0,166.0,178.21999999999997,178.21999999999997
0,17358,2,201102,10,29.5,101.0,182.92499999999998,365.84999999999997
5,17362,2,201104,8,17.5,95.5,156.115,312.23
3,17367,1,201104,8,34.0,150.0,168.4,168.4
5,17374,2,201105,7,14.0,42.5,247.88500000000002,495.77000000000004
5,17375,3,201105,7,23.0,122.33333333333333,133.36666666666667,400.1
5,17391,2,201106,6,1.5,240.0,254.4,508.8
0,17392,2,201102,10,30.5,159.0,225.95499999999998,451.90999999999997
5,17394,1,201105,7,4.0,241.0,203.86999999999995,203.86999999999995
0,17406,3,201101,11,37.333333333333336,262.0,635.14,1905.42
5,17408,1,201106,6,2.0,3.0,32.65,32.65
5,17409,2,201106,6,6.5,52.5,385.92500000000007,771.8500000000001
1,17431,1,201101,11,43.0,292.0,403.30000000000007,403.30000000000007
0,17438,1,201103,9,17.0,103.0,388.45000000000005,388.45000000000005
5,17440,3,201107,5,1.6666666666666667,82.0,62.13999999999999,186.42
5,17443,1,201105,7,1.0,504.0,534.24,534.24
3,17444,2,201107,5,67.0,1059.0,1194.5500000000002,2389.1000000000004
5,17446,2,201106,6,4.5,99.0,60.45,120.9
1,17454,4,201105,7,15.25,60.75,129.3825,517.53
5,17455,1,201105,7,8.0,66.0,131.7,131.7
0,17456,1,201100,12,17.0,222.0,249.85999999999999,249.85999999999999
5,17464,1,201107,5,9.0,220.0,289.96000000000004,289.96000000000004
3,17472,3,201106,6,60.333333333333336,154.0,236.76333333333332,710.29
0,17486,1,201103,9,24.0,191.0,396.87000000000006,396.87000000000006
5,17492,1,201104,8,12.0,155.0,374.57,374.57
0,17496,1,201100,12,10.0,79.0,271.04999999999995,271.04999999999995
3,17499,1,201102,10,40.0,711.0,622.88,622.88
5,17501,2,201105,7,9.0,80.0,144.3,288.6
1,17504,9,201105,7,12.666666666666666,161.77777777777777,305.03111111111116,2745.28
3,17505,2,201107,5,26.0,278.0,572.9200000000001,1145.8400000000001
3,17507,2,201103,9,44.0,179.5,302.78999999999996,605.5799999999999
0,17508,1,201103,9,22.0,289.0,387.31,387.31
0,17517,1,201102,10,11.0,102.0,153.94,153.94
0,17524,1,201100,12,6.0,90.0,145.0,145.0
0,17525,1,201100,12,9.0,82.0,422.70000000000005,422.70000000000005
5,17531,1,201106,6,14.0,136.0,296.70000000000005,296.70000000000005
0,17535,1,201103,9,13.0,136.0,164.39999999999998,164.39999999999998
5,17536,1,201106,6,3.0,6.0,76.5,76.5
0,17542,1,201103,9,25.0,134.0,170.75,170.75
5,17550,3,201105,7,14.0,28.666666666666668,89.05333333333333,267.15999999999997
1,17551,1,201100,12,43.0,150.0,306.84,306.84
5,17556,1,201105,7,6.0,101.0,157.9,157.9
0,17569,1,201101,11,29.0,159.0,344.13999999999993,344.13999999999993
5,17574,1,201104,8,8.0,77.0,185.64999999999998,185.64999999999998
5,17578,1,201105,7,4.0,90.0,124.74,124.74
5,17580,3,201104,8,14.666666666666666,29.0,70.92333333333335,212.77000000000004
3,17582,1,201104,8,29.0,123.0,175.27,175.27
3,17597,1,201105,7,55.0,1176.0,2044.3700000000003,2044.3700000000003
5,17601,1,201104,8,9.0,103.0,116.01,116.01
3,17604,2,201105,7,31.5,84.5,154.68,309.36
5,17616,3,201106,6,1.0,74.66666666666667,190.4,571.2
1,17619,1,201101,11,77.0,127.0,218.52000000000004,218.52000000000004
5,17630,2,201106,6,13.0,79.0,251.79999999999995,503.5999999999999
0,17639,1,201103,9,7.0,49.0,108.5,108.5
0,17643,1,201100,12,8.0,71.0,101.55000000000001,101.55000000000001
5,17646,3,201105,7,17.0,107.66666666666667,336.13000000000005,1008.3900000000001
3,17649,1,201107,5,52.0,399.0,868.49,868.49
0,17654,1,201103,9,22.0,41.0,117.54999999999998,117.54999999999998
3,17660,1,201107,5,45.0,130.0,196.0,196.0
5,17670,1,201104,8,11.0,110.0,205.7,205.7
0,17678,1,201103,9,16.0,207.0,298.10999999999996,298.10999999999996
0,17691,2,201100,12,9.5,67.0,145.2,290.4
5,17693,1,201107,5,16.0,231.0,200.47,200.47
5,17694,1,201107,5,15.0,184.0,283.12000000000006,283.12000000000006
5,17695,2,201107,5,17.5,389.5,382.66999999999996,765.3399999999999
5,17697,1,201104,8,19.0,93.0,338.95000000000005,338.95000000000005
0,17698,1,201103,9,8.0,93.0,154.95000000000002,154.95000000000002
5,17701,1,201104,8,24.0,109.0,417.95000000000005,417.95000000000005
5,17704,2,201106,6,15.5,171.5,442.595,885.19
5,17707,2,201106,6,2.5,72.0,76.2,152.4
5,17708,2,201106,6,17.5,45.5,133.54,267.08
5,17709,1,201106,6,7.0,17.0,137.45,137.45
0,17714,1,201101,11,10.0,92.0,153.0,153.0
5,17715,1,201105,7,1.0,384.0,326.4,326.4
5,17718,1,201104,8,6.0,83.0,139.35,139.35
0,17732,1,201100,12,18.0,93.0,303.97,303.97
5,17746,1,201104,8,6.0,29.0,110.25000000000001,110.25000000000001
5,17749,2,201106,6,17.5,160.0,337.26,674.52
0,17752,1,201100,12,1.0,192.0,80.64,80.64
0,17763,1,201103,9,1.0,12.0,15.0,15.0
5,17765,3,201107,5,19.0,48.0,123.96000000000004,371.8800000000001
1,17770,5,201105,7,7.6,73.0,228.654,1143.27
0,17775,1,201103,9,3.0,72.0,56.4,56.4
5,17781,2,201107,5,6.0,17.0,94.00999999999999,188.01999999999998
1,17787,4,201107,5,33.5,227.5,466.2975,1865.19
0,17789,1,201103,9,14.0,74.0,225.9,225.9
5,17795,2,201106,6,23.0,170.5,175.19500000000002,350.39000000000004
0,17829,1,201102,10,30.0,496.0,889.24,889.24
0,17843,1,201102,10,35.0,88.0,197.73000000000002,197.73000000000002
1,17849,4,201105,7,6.5,28.5,151.45000000000002,605.8000000000001
1,17850,34,201100,12,8.617647058823529,50.205882352941174,156.86029411764704,5333.249999999999
5,17854,2,201106,6,7.5,42.0,155.63,311.26
0,17855,1,201100,12,17.0,197.0,208.96999999999997,208.96999999999997
0,17859,1,201102,10,25.0,127.0,148.21,148.21
1,17860,1,201100,12,58.0,104.0,252.79999999999998,252.79999999999998
0,17862,1,201101,11,11.0,100.0,330.9,330.9
5,17866,1,201107,5,9.0,174.0,329.65,329.65
5,17871,1,201105,7,10.0,182.0,155.89999999999998,155.89999999999998
1,17874,6,201106,6,7.5,34.833333333333336,109.71000000000002,658.2600000000001
5,17877,1,201106,6,12.0,98.0,237.61,237.61
5,17879,1,201106,6,6.0,45.0,178.51999999999998,178.51999999999998
0,17880,1,201100,12,26.0,314.0,458.91999999999985,458.91999999999985
0,17881,1,201102,10,8.0,32.0,133.35000000000002,133.35000000000002
5,17889,2,201105,7,10.5,39.5,101.935,203.87
1,17890,2,201101,11,47.0,208.0,301.045,602.09
3,17891,1,201106,6,34.0,393.0,203.85999999999993,203.85999999999993
5,17893,1,201104,8,16.0,161.0,112.25000000000004,112.25000000000004
3,17897,3,201106,6,38.0,76.33333333333333,188.86666666666667,566.6
3,17899,1,201107,5,32.0,171.0,155.79999999999998,155.79999999999998
5,17900,2,201106,6,1.0,6.5,15.0,30.0
5,17906,1,201104,8,12.0,26.0,72.9,72.9
1,17908,1,201100,12,58.0,173.0,243.2799999999999,243.2799999999999
1,17912,5,201102,10,7.4,36.8,60.21200000000001,301.06000000000006
0,17923,1,201103,9,1.0,50.0,207.50000000000003,207.50000000000003
0,17925,1,201100,12,1.0,72.0,244.08,244.08
5,17926,2,201107,5,10.5,153.0,198.645,397.29
3,17931,2,201107,5,32.5,124.5,204.18,408.36
5,17935,2,201107,5,14.0,40.5,71.445,142.89
5,17939,1,201107,5,12.0,40.0,99.14000000000003,99.14000000000003
5,17946,2,201104,8,10.0,37.5,74.78999999999999,149.57999999999998
5,17948,1,201107,5,1.0,144.0,358.56000000000006,358.56000000000006
1,17955,4,201105,7,4.75,68.25,139.325,557.3
5,17956,1,201104,8,1.0,1.0,12.75,12.75
5,17960,1,201106,6,26.0,41.0,73.78,73.78
3,17962,1,201107,5,35.0,128.0,102.82999999999998,102.82999999999998
1,17967,1,201100,12,48.0,80.0,123.07000000000002,123.07000000000002
1,17968,1,201100,12,85.0,160.0,277.34999999999997,277.34999999999997
5,17969,2,201106,6,7.0,76.0,114.1,228.2
3,17970,1,201105,7,31.0,525.0,582.5899999999999,582.5899999999999
3,17972,1,201104,8,31.0,37.0,136.04,136.04
1,17976,1,201100,12,65.0,106.0,353.18999999999994,353.18999999999994
0,17978,1,201100,12,12.0,499.0,300.91999999999996,300.91999999999996
5,17980,3,201106,6,10.0,227.33333333333334,270.48333333333335,811.45
3,17984,1,201107,5,48.0,98.0,152.68000000000006,152.68000000000006
5,17987,1,201106,6,13.0,261.0,198.57,198.57
5,17990,3,201104,8,9.666666666666666,138.0,210.28,630.84
5,17991,2,201104,8,2.5,12.5,46.675000000000004,93.35000000000001
0,17995,1,201103,9,2.0,133.0,76.1,76.1
0,18004,1,201100,12,40.0,78.0,169.46999999999997,169.46999999999997
3,18009,1,201104,8,32.0,126.0,257.34000000000003,257.34000000000003
0,18010,1,201103,9,14.0,60.0,174.79999999999998,174.79999999999998
0,18011,1,201100,12,28.0,71.0,102.79,102.79
5,18013,2,201107,5,15.5,142.5,93.64500000000002,187.29000000000005
5,18024,2,201107,5,10.0,74.0,118.38999999999999,236.77999999999997
0,18032,1,201101,11,5.0,42.0,73.5,73.5
1,18037,6,201107,5,3.1666666666666665,3.3333333333333335,11.67,70.02
5,18048,2,201105,7,3.5,63.5,86.14500000000001,172.29000000000002
0,18050,1,201100,12,5.0,40.0,74.4,74.4
0,18056,1,201102,10,19.0,211.0,363.65,363.65
5,18062,3,201106,6,9.0,132.0,240.17333333333337,720.5200000000001
5,18064,2,201107,5,3.5,192.0,407.0,814.0
0,18068,1,201102,10,1.0,6.0,101.69999999999999,101.69999999999999
0,18071,2,201103,9,12.5,130.0,226.5,453.0
5,18072,1,201106,6,3.0,60.0,20.04,20.04
0,18074,1,201100,12,13.0,190.0,489.6,489.6
5,18078,2,201105,7,14.5,72.5,168.065,336.13
0,18085,2,201101,11,14.5,132.5,344.975,689.95
0,18086,1,201103,9,7.0,106.0,101.33999999999999,101.33999999999999
0,18087,1,201102,10,1.0,3906.0,3202.9199999999996,3202.9199999999996
0,18095,2,201101,11,10.5,209.5,290.025,580.05
0,18106,1,201101,11,39.0,128.0,430.6999999999999,430.6999999999999
0,18108,1,201103,9,17.0,84.0,271.0,271.0
0,18113,1,201100,12,1.0,72.0,76.32000000000001,76.32000000000001
0,18114,1,201102,10,28.0,55.0,220.1,220.1
0,18119,1,201100,12,30.0,125.0,181.11999999999998,181.11999999999998
5,18120,1,201105,7,17.0,31.0,111.14999999999999,111.14999999999999
5,18121,2,201107,5,16.0,225.0,336.55000000000007,673.1000000000001
5,18129,1,201104,8,14.0,48.0,112.55,112.55
5,18133,1,201105,7,1.0,1350.0,931.4999999999999,931.4999999999999
0,18138,1,201102,10,8.0,38.0,152.65,152.65
5,18142,2,201107,5,7.5,638.0,509.76,1019.52
5,18146,2,201107,5,5.0,76.5,80.17500000000001,160.35000000000002
5,18151,2,201107,5,19.0,177.5,326.67499999999995,653.3499999999999
0,18159,1,201102,10,23.0,139.0,530.1500000000002,530.1500000000002
5,18165,1,201106,6,10.0,254.0,302.46000000000004,302.46000000000004
1,18168,6,201106,6,21.333333333333332,98.5,192.24833333333333,1153.49
0,18176,1,201100,12,29.0,281.0,454.84999999999997,454.84999999999997
5,18183,2,201104,8,18.5,185.5,316.035,632.07
5,18185,1,201104,8,17.0,183.0,304.25,304.25
5,18190,2,201105,7,7.5,70.0,142.23,284.46
0,18191,1,201103,9,7.0,140.0,207.79999999999998,207.79999999999998
5,18193,1,201106,6,16.0,124.0,243.76000000000005,243.76000000000005
3,18202,3,201105,7,22.666666666666668,193.66666666666666,465.66333333333324,1396.9899999999998
5,18203,1,201107,5,19.0,43.0,160.42000000000002,160.42000000000002
1,18212,1,201101,11,43.0,101.0,248.41999999999993,248.41999999999993
5,18213,1,201104,8,15.0,232.0,232.48000000000002,232.48000000000002
5,18218,2,201105,7,9.5,274.0,318.14,636.28
5,18220,1,201104,8,2.0,288.0,305.28000000000003,305.28000000000003
0,18224,1,201103,9,10.0,69.0,158.95000000000002,158.95000000000002
5,18227,1,201105,7,5.0,21.0,93.75,93.75
1,18231,5,201105,7,24.8,164.2,416.654,2083.27
0,18233,1,201101,11,1.0,4.0,440.0,440.0
1,18239,5,201105,7,17.6,159.0,312.322,1561.6100000000001
0,18250,1,201102,10,21.0,199.0,349.27000000000004,349.27000000000004
1,18260,6,201106,6,22.166666666666668,246.16666666666666,438.45,2630.7
5,18262,1,201107,5,13.0,182.0,149.48,149.48
0,18269,1,201100,12,6.0,70.0,138.89999999999998,138.89999999999998
0,18280,1,201103,9,10.0,45.0,180.6,180.6
5,18281,1,201106,6,7.0,54.0,80.82,80.82
